{
  "window": 600,
  "stride": 150,
  "threshold": 0.9,
  "scaler": {
    "mean": [
      1.0694697552105275,
      0.46553017572960825,
      0.7547783167851077,
      1.7693953728773686,
      10.629867976445492
    ],
    "scale": [
      0.8317947262379171,
      1.1229798522909076,
      0.6707389869669815,
      1.09648130083974,
      26.67575639963145
    ]
  }
}